{
  "timestamp": "2026-05-19T18:42:54.460Z",
  "backend": {
    "elliptic": "6.5.3",
    "bnjs": "4.11.8"
  },
  "node": "v22.16.0",
  "platform": "darwin arm64",
  "iters": 500,
  "warmup": 50,
  "fixtures": 10,
  "ecdsa": {
    "sign": {
      "opsPerSec": 26.044272816668467,
      "mean": 0.3839615745999999,
      "median": 0.3837332999999944,
      "min": 0.368037500000014,
      "max": 0.43029999999998836,
      "stdDev": 0.008158595128789036
    },
    "verify": {
      "opsPerSec": 7.431358258919836,
      "mean": 1.3456490256000013,
      "median": 1.341424999999981,
      "min": 1.3037874999999985,
      "max": 1.730945900000006,
      "stdDev": 0.03271337108512419
    },
    "signLowS": {
      "opsPerSec": 25.820672546544536,
      "mean": 0.38728658139999755,
      "median": 0.3863416000000143,
      "min": 0.3710500000001048,
      "max": 0.408904099999927,
      "stdDev": 0.006485215854628109
    },
    "recovery": {
      "opsPerSec": 3.112325454714028,
      "mean": 3.21303158859999,
      "median": 3.2074790999999094,
      "min": 3.111883399999897,
      "max": 3.8537749999999504,
      "stdDev": 0.05754835054019023
    }
  },
  "schnorr": {
    "sign": {
      "opsPerSec": 4.56113222130154,
      "mean": 2.1924380866000095,
      "median": 2.1908458999998404,
      "min": 2.0900708000001034,
      "max": 2.580249999999796,
      "stdDev": 0.03348858773689412
    },
    "verify": {
      "opsPerSec": 2.6664412572418086,
      "mean": 3.7503170087999953,
      "median": 3.7476332999998703,
      "min": 3.646570800000336,
      "max": 4.188604099999793,
      "stdDev": 0.04376718180527939
    }
  }
}